"","yr","Value.mn","Value.sd","Value.n","siteID"
"1",2013,8.59256765067651,3.29743955959843,813,"EastForkJemezabvJaramilloConfluence"
"2",2014,11.3025878787879,3.98654035773727,4290,"EastForkJemezabvJaramilloConfluence"
"3",2015,19.7351805931269,1.83983229303329,1109,"EastForkJemezabvJaramilloConfluence"
"4",2016,3.78190384615385,0.125290623689945,26,"EastForkJemezabvJaramilloConfluence"
"5",2017,11.943754536176,3.321666502243,4409,"EastForkJemezabvJaramilloConfluence"
"6",2018,10.9279863113303,5.28782959656091,5272,"EastForkJemezabvJaramilloConfluence"
"7",2019,10.6368486797332,5.12128334675046,2449,"EastForkJemezabvJaramilloConfluence"
