"","yr","Value.mn","Value.sd","Value.n","siteID"
"1",2008,3.5849375,0.267091557833559,48,"JaramilloLower"
"2",2009,10.7187693951699,3.64420444852804,4679,"JaramilloLower"
"3",2010,10.4797335903519,4.49962253302869,5058,"JaramilloLower"
"4",2011,9.61937983583801,4.63384288558215,5523,"JaramilloLower"
"5",2012,10.9628056458817,3.83108817474922,5597,"JaramilloLower"
"6",2013,11.5717442954599,2.8228635601699,4251,"JaramilloLower"
