"","yr","Value.mn","Value.sd","Value.n","siteID"
"1",2008,2.46272983870968,1.2294484410102,124,"LaJaraFlume"
"2",2009,9.04867872676947,3.35318792320904,5058,"LaJaraFlume"
"3",2010,7.79471481180612,4.70964343972622,6155,"LaJaraFlume"
"4",2011,8.48314635432359,5.10650637341272,3319,"LaJaraFlume"
"5",2012,20.7090445930881,3.78454374730183,897,"LaJaraFlume"
