"","yr","Value.mn","Value.sd","Value.n","siteID"
"1",2012,7.92364511522553,8.5463384438883,5077,"LaJaraWest"
"2",2013,8.09720922810785,7.74269694240814,5588,"LaJaraWest"
"3",2014,10.1333691891892,4.91381538980289,4625,"LaJaraWest"
"4",2015,1.44151811594203,1.30972478360666,138,"LaJaraWest"
"5",2016,0.674,NA,1,"LaJaraWest"
"6",2017,8.4650062740198,4.56792934659402,5869,"LaJaraWest"
"7",2018,9.78324319817094,4.54520956602666,4957,"LaJaraWest"
"8",2019,9.49999626090569,4.7475733286815,2407,"LaJaraWest"
