"","yr","Value.mn","Value.sd","Value.n","siteID"
"1",2008,13.212521773183,3.90931263298295,1596,"RedondoCreekLower"
"2",2009,8.11741765444166,4.7932543792076,6431,"RedondoCreekLower"
"3",2010,9.14840892915787,5.12703137311493,6090,"RedondoCreekLower"
"4",2011,9.38508566194431,5.31573303606197,6141,"RedondoCreekLower"
"5",2012,9.37337369248036,4.86776032157632,5940,"RedondoCreekLower"
"6",2013,2.72969337016575,1.40686089800876,724,"RedondoCreekLower"
"7",2015,15.0606201850167,1.86662140543883,1099,"RedondoCreekLower"
"8",2017,11.5426553124482,4.21185391228585,4022,"RedondoCreekLower"
"9",2018,6.41266851581508,NA,1,"RedondoCreekLower"
