"","yr","Value.mn","Value.sd","Value.n","siteID"
"1",2008,3.84230296610169,1.63834081559171,236,"RedondoMeadowsFlume"
"2",2009,9.89686303278203,4.83974310045253,5623,"RedondoMeadowsFlume"
"3",2010,10.7082753363229,5.27027326360106,5575,"RedondoMeadowsFlume"
"4",2011,9.93785938026272,5.70164518207045,5938,"RedondoMeadowsFlume"
"5",2012,11.9831854132458,5.67712617731721,3654,"RedondoMeadowsFlume"
"6",2013,9.00000904977376,5.77797088779516,6409,"RedondoMeadowsFlume"
"7",2019,5.49276540616246,3.7351044011934,1428,"RedondoMeadowsFlume"
"8",2020,8.6150930913349,4.42072007380341,2562,"RedondoMeadowsFlume"
