"","yr","Value.mn","Value.sd","Value.n","siteID"
"1",2008,3.70891744186047,1.48223189463471,215,"RedondoCreekUpper"
"2",2009,8.85688508922334,3.81651684152003,5249,"RedondoCreekUpper"
"3",2010,10.4058076353638,3.87312149369028,4728,"RedondoCreekUpper"
"4",2011,8.35257599756238,4.78047665893419,6134,"RedondoCreekUpper"
"5",2012,8.97341488010867,4.00884519231562,5644,"RedondoCreekUpper"
"6",2013,9.2331882544104,4.33558165234302,5385,"RedondoCreekUpper"
"7",2017,11.4449842228936,3.11674546515801,3972,"RedondoCreekUpper"
"8",2018,10.7270444938821,3.05690099383517,1798,"RedondoCreekUpper"
"9",2019,6.98579643553328,4.96387614225266,3591,"RedondoCreekUpper"
