"","yr","Value.mn","Value.sd","Value.n","siteID"
"1",2011,3.89527425373134,0.913108029618688,268,"RedondoUpperCZOFlume"
"2",2012,11.2387710767134,3.30411418983554,3424,"RedondoUpperCZOFlume"
"3",2013,8.60152395997894,3.75862369855009,1899,"RedondoUpperCZOFlume"
