"","yr","Value.mn","Value.sd","Value.n","siteID"
"1",2011,10.9891664621677,5.85305887087852,2445,"SantaRosa"
"2",2012,9.31979181596799,4.66552600389259,5749,"SantaRosa"
"3",2013,8.46005468188354,4.74604773236292,5564,"SantaRosa"
"4",2014,8.25278782051282,4.67157380230064,5590,"SantaRosa"
"5",2015,4.15088312428734,1.73287117673204,877,"SantaRosa"
