"","yr","Value.mn","Value.sd","Value.n","siteID"
"1",2011,19.6631644290458,2.19392545633184,4618,"VallecitoCreekinPalizoCanyon"
"2",2012,18.9986653239667,2.02214544085595,7758,"VallecitoCreekinPalizoCanyon"
"3",2013,19.9997662507997,2.14897473560772,7815,"VallecitoCreekinPalizoCanyon"
"4",2014,20.8695156341606,1.58933595587561,5117,"VallecitoCreekinPalizoCanyon"
"5",2015,21.1795681495504,0.462895894332412,2113,"VallecitoCreekinPalizoCanyon"
